1;MAKE IT BETTER;1;3;7;9;12;;;7;9;11;
2;PARANOiA;1;4;8;9;11;;;8;13;11;
3;TRIP MACHINE;1;3;8;9;10;;;9;10;10;
4;AM-3P;2;3;7;8;11;;;8;9;10;
5;BRILLIANT 2U;2;3;6;6;10;10;;6;7;9;10
6;BRILLIANT 2U(Orchestra Groove);2;4;6;8;9;12;;6;8;9;12
7;e-motion;2;2;5;6;8;;;6;8;11;
8;GENOM SCREAMS;2;3;6;8;11;;;9;11;12;
9;KEEP ON MOVIN';2;4;5;7;9;;;5;9;10;
10;MAKE IT BETTER (So-REAL Mix);2;2;7;8;10;12;;7;9;11;12
11;PARANOiA KCET ～clean mix～;2;4;8;9;11;15;;8;10;10;15
12;PARANOiA MAX～DIRTY MIX～;2;5;9;10;12;;;10;12;11;
13;PUT YOUR FAITH IN ME;2;3;5;6;9;;;6;8;8;
14;PUT YOUR FAITH IN ME (Jazzy Groove);2;2;6;7;9;11;;7;8;11;11
15;SP-TRIP MACHINE～JUNGLE MIX～;2;4;8;9;10;;;8;9;10;
16;AFRONOVA;3;5;7;9;13;;;8;9;13;
17;AFTER THE GAME OF LOVE;3;1;2;6;8;;;5;6;8;
18;CUTIE CHASER;3;3;5;7;10;;;5;7;10;
19;DEAD END;3;4;7;10;12;;;8;9;13;
20;DROP THE BOMB;3;3;5;7;10;;;5;8;10;
21;DYNAMITE RAVE;3;3;6;10;12;12;;6;7;11;12
22;GRADIUSIC CYBER ～AMD G5 MIX～;3;3;8;10;13;;;9;11;13;
23;La Senorita;3;4;6;8;10;;;5;9;13;
24;La Senorita Virtual;3;4;8;10;12;;;9;10;12;
25;LOVE THIS FEELIN';3;4;9;10;11;;;9;10;11;
26;PARANOiA Rebirth;3;4;8;10;13;;;9;11;13;
27;Silent Hill;3;3;4;9;10;;;5;7;11;
28;think ya better D;3;3;5;6;9;;;6;7;10;
29;TRIP MACHINE～luv mix～;3;3;9;10;12;;;9;10;11;
30;.59;4;3;5;8;11;;;5;8;10;
31;B4U;4;3;5;7;10;;;5;8;10;
32;BABY BABY GIMME YOUR LOVE;4;1;2;4;7;;;3;5;9;
33;BURNIN' THE FLOOR;4;3;5;8;10;;;5;7;12;
34;CAN'T STOP FALLIN' IN LOVE;4;3;5;6;11;;;5;6;12;
35;CELEBRATE NITE;4;3;6;8;11;;;6;8;10;
36;Don't Stop!～AMD 2nd MIX～;4;3;5;6;10;;;4;5;8;
37;DROP OUT;4;4;8;10;13;;;5;9;13;
38;era (nostalmix);4;4;5;8;11;;;5;7;11;
39;HIGHER;4;3;4;7;9;;;4;7;10;
40;Holic;4;4;7;9;11;;;7;8;11;
41;HYSTERIA;4;5;6;8;11;;;4;8;10;
42;LEADING CYBER;4;3;8;9;13;;;7;10;13;
43;LOVE AGAIN TONIGHT～For Melissa MIX～;4;4;5;8;11;;;5;7;10;
44;MY SUMMER LOVE;4;3;4;9;12;;;5;8;12;
45;ORION.78(AMeuro-MIX);4;3;4;7;12;;;5;8;9;
46;PARANOIA EVOLUTION;4;5;9;10;12;;;6;10;13;
47;SEXY PLANET;4;3;7;8;11;;;5;7;10;
48;SUPER STAR;4;3;7;8;12;;;5;9;11;
49;TRIP MACHINE CLIMAX;4;5;7;9;12;;;7;9;12;
50;WILD RUSH;4;5;6;7;10;;;5;9;11;
51;ABSOLUTE;5;3;4;8;11;;;4;7;11;
52;Abyss;5;3;4;7;10;;;5;8;11;
53;AFRONOVA PRIMEVAL;5;4;6;8;12;;;7;9;13;
54;BROKEN MY HEART;5;3;5;7;12;;;5;9;12;
55;CAN'T STOP FALLIN' IN LOVE ～SPEED MIX～;5;4;6;9;12;;;5;9;12;
56;DXY!;5;5;6;9;12;;;6;9;12;
57;ECSTASY;5;4;5;8;10;;;6;8;11;
58;Electro Tuned ( the SubS Mix );5;4;6;9;12;;;5;9;11;
59;Healing Vision;5;4;5;7;11;;;4;8;13;
60;INSERTiON;5;4;6;9;13;;;5;9;12;
61;PARANOiA ETERNAL;5;4;8;10;13;;;9;11;13;
62;STILL IN MY HEART;5;3;6;8;10;;;6;7;9;
63;サナ・モレッテ・ネ・エンテ;5;3;4;9;12;;;5;9;12;
64;CANDY☆;6;4;6;7;11;;;5;8;11;
65;exotic ethnic;6;4;5;8;13;;;5;7;13;
66;Healing Vision ～Angelic mix～;6;5;7;11;13;;;8;10;14;
67;Let the beat hit em!(CLASSIC R&B STYLE);6;3;6;7;10;;;6;7;10;
68;MAX 300;6;5;9;12;15;;;9;12;15;
69;ORION.78～civilization mix～;6;4;9;12;13;;;9;11;13;
70;AFRONOVA(FROM NONSTOP MEGAMIX);7;;;;;10;;;;;10
71;AM-3P（AM EAST mix）;7;;;;;10;;;;;11
72;B4U(B4 ZA BEAT MIX);7;;;;;10;;;;;10
73;BRE∀K DOWN！;7;3;5;7;12;;;5;8;13;
74;BRILLIANT 2U(K.O.G G3 MIX);7;;;;;10;;;;;9
75;BURNIN' THE FLOOR（BLUE FIRE mix）;7;;;;;10;;;;;10
76;BURNING HEAT！（3 Option MIX）;7;3;4;8;13;;;4;7;12;
77;CANDY♡;7;4;5;7;10;;;4;6;10;
78;CELEBRATE NITE(EURO TRANCE STYLE);7;;;;;11;;;;;10
79;D2R;7;3;4;7;11;;;4;8;11;
80;DESTINY;7;3;3;7;10;;;3;8;11;
81;DIVE TO THE NIGHT;7;3;4;8;11;;;5;9;12;
82;DROP OUT(FROM NONSTOP MEGAMIX);7;;;;;12;;;;;13
83;ECSTASY (midnight blue mix);7;;;;;11;;;;;11
84;HIGHER（next morning mix）;7;;;;;11;;;;;11
85;HYSTERIA 2001;7;;;;;10;;;;;11
86;i feel ...;7;3;4;8;12;;;3;8;12;
87;MAXX UNLIMITED;7;5;10;13;16;;;7;12;15;
88;MY SUMMER LOVE(TOMMY'S SMILE MIX);7;;;;;12;;;;;11
89;rain of sorrow;7;3;3;9;12;;;5;7;12;
90;Secret Rendez-vous;7;3;4;7;12;;;4;8;12;
91;SEXY PLANET(FROM NONSTOP MEGAMIX);7;;;;;10;;;;;9
92;Silent Hill (3rd christmas mix);7;;;;;10;;;;;11
93;STILL IN MY HEART（MOMO MIX）;7;;;;;11;;;;;12
94;SUPER STAR(FROM NONSTOP MEGAMIX);7;;;;;10;;;;;11
95;Sweet Sweet Love Magic;7;4;5;9;13;;;5;8;11;
96;TSUGARU;7;3;5;9;12;;;6;9;13;
97;TSUGARU (APPLE MIX);7;;;;;11;;;;;11
98;WILD RUSH(FROM NONSTOP MEGAMIX);7;;;;;9;;;;;10
99;革命;7;3;5;9;12;11;;4;8;11;11
100;1998;8;3;4;6;9;;;5;6;9;
101;321STARS;8;4;5;9;11;;;5;8;11;
102;A;8;4;5;8;11;12;;5;7;11;13
103;Across the nightmare;8;7;8;10;12;13;;8;11;13;13
104;air;8;3;5;7;10;;;5;7;11;
105;AM-3P -303 BASS MIX-;8;4;4;9;10;;;5;8;10;
106;bag;8;2;7;11;13;13;;7;12;13;13
107;BE LOVIN;8;4;5;9;12;;;5;10;12;
108;Colors ～for extreme～;8;3;5;8;9;13;;5;7;10;13
109;CUTIE CHASER(MORNING MIX);8;3;3;4;9;;;4;6;9;
110;Dance Dance Revolution;8;5;6;8;12;12;;6;8;12;11
111;Destiny lovers;8;3;4;7;13;;;4;7;12;
112;DROP THE BOMB(SyS.F. Mix);8;3;5;7;10;;;4;5;10;
113;Frozen Ray ～for extreme～;8;4;5;9;12;;;4;8;11;
114;Gamelan de Couple;8;3;4;7;12;;;5;7;13;
115;GRADUATION ～それぞれの明日～;8;2;3;7;9;;;3;7;9;
116;Happy Wedding;8;3;4;6;10;;;5;6;9;
117;Heaven is a '57 metallic gray ～gimmix～;8;4;5;7;12;;;5;7;13;
118;HYPER EUROBEAT;8;3;4;6;10;;;6;9;11;
119;I'm gonna get you!;8;3;4;7;9;;;4;7;11;
120;jane jana;8;3;4;7;10;;;6;7;11;
121;JET WORLD;8;3;4;7;11;;;5;8;11;
122;KISS KISS KISS;8;4;5;6;12;;;5;8;12;
123;Kiss me all night long;8;3;3;6;10;;;3;6;11;
124;L'amour et la liberte(DDR Ver.);8;3;6;9;12;;;6;9;12;
125;LA BAMBA;8;3;4;8;11;;;6;8;12;
126;LOVE♡SHINE;8;3;5;6;9;;;5;7;11;
127;Love2シュガ→;8;3;5;6;8;;;4;7;9;
128;Miracle Moon ～L.E.D.LIGHT STYLE MIX～;8;3;4;6;9;;;3;6;10;
129;PARANOIA survivor;8;4;9;11;15;;;9;11;15;
130;PARANOIA survivor MAX;8;5;9;11;15;16;;9;11;15;16
131;Pink Rose;8;3;4;6;10;;;4;7;10;
132;SO IN LOVE;8;3;4;7;9;;;2;7;9;
133;STAY (Organic house Version);8;3;4;7;9;;;5;7;9;
134;stoic (extreme version);8;3;5;9;13;;;4;10;12;
135;sync (extreme version);8;3;5;8;9;12;;6;9;10;11
136;TEARS;8;3;6;8;12;;;6;8;12;
137;The Least 100sec;8;5;7;11;12;;;7;10;14;
138;The legend of MAX;8;7;8;13;15;;;8;12;16;
139;TRIP MACHINE survivor;8;4;5;11;13;;;6;11;12;
140;Twin Bee -Generation X-;8;3;5;8;11;;;4;7;11;
141;V ～for extreme～;8;3;5;8;12;13;;5;7;11;13
142;VANITY ANGEL;8;3;4;9;12;;;5;9;12;
143;xenon;8;3;5;10;13;;;5;9;13;
144;三毛猫ロック;8;4;5;8;11;;;5;9;13;
145;大見解;8;4;4;8;12;13;;5;8;13;14
146;桜;8;5;7;11;13;11;;7;11;13;11
147;蒼い衝動 ～for extreme～;8;2;4;6;9;;;4;6;11;
148;A Stupid Barber;9;3;4;8;9;;;4;8;9;
149;AA;9;3;5;9;13;;;5;10;13;
150;Bad Routine;9;3;5;7;9;;;4;8;9;
151;Baile Le Samba;9;1;3;10;11;;;3;6;10;
152;BALLAD FOR YOU～想いの雨～;9;2;5;9;11;;;4;9;11;
153;Brazilian Anthem;9;3;5;8;12;;;5;8;10;
154;cachaca;9;1;3;7;12;;;4;9;11;
155;Can Be Real;9;3;4;6;10;;;3;6;10;
156;CAN'T STOP FALLIN' IN LOVE -super euro version-;9;3;4;7;8;;;1;5;8;
157;CENTAUR;9;4;6;9;12;;;6;9;12;
158;CHAOS;9;6;8;12;14;16;;9;12;14;15
159;CURUS;9;2;3;7;10;;;4;5;12;
160;DoLL;9;4;5;8;12;13;;5;8;12;14
161;Dragon Blade;9;5;9;10;11;;;9;11;11;
162;Fascination ～eternal love mix～;9;9;11;13;16;18;;10;13;17;17
163;Fascination MAXX;9;6;11;13;17;18;;10;13;17;18
164;Flow;9;4;5;9;12;;;6;9;11;
165;Flow (True Style);9;4;6;9;12;13;;6;9;12;14
166;Fly away;9;3;4;7;11;;;3;8;11;
167;Forever Sunshine;9;3;4;7;8;;;3;6;8;
168;Freedom;9;3;5;7;11;;;4;7;11;
169;Funk Boogie;9;4;5;4;8;;;4;6;8;
170;GORGEOUS 2012;9;4;3;8;10;;;5;7;11;
171;HAPPY☆ANGEL;9;4;4;8;12;;;3;8;11;
172;Healing-D-Vision;9;6;9;12;14;18;;9;13;15;18
173;I Need You;9;3;4;6;8;;;5;6;8;
174;iFUTURELIST(DDR VERSION);9;3;5;7;12;13;;5;7;11;13
175;INNOCENCE OF SILENCE;9;3;5;10;12;;;5;9;12;
176;INSIDE YOUR HEART;9;3;4;6;9;;;3;6;9;
177;Jam & Marmalade;9;3;4;8;11;;;5;8;10;
178;KEEP ON MOVIN' ～DMX MIX～;9;3;5;7;11;;;4;8;12;
179;La Bamba;9;3;5;8;11;;;6;8;12;
180;LOGICAL DASH;9;3;4;7;11;;;5;6;10;
181;LOVE IS ORANGE;9;3;5;7;9;11;;5;8;8;12
182;Make A Difference;9;3;5;7;12;;;5;8;12;
183;MARIA(I believe...);9;3;5;8;11;;;5;9;12;
184;MAX 300 (Super-Max-Me Mix);9;6;10;13;15;16;;9;12;15;17
185;MAXIMIZER;9;5;6;9;12;;;6;9;11;
186;MIDNIGHT SPECIAL;9;3;7;9;10;;;7;10;12;
187;Mind Parasite;9;3;5;9;13;;;5;8;10;
188;Monkey Punk;9;4;5;8;10;;;5;8;10;
189;MOON;9;3;3;7;10;;;1;8;10;
190;murmur twins;9;3;4;8;11;;;3;8;11;
191;My Only Shining Star;9;3;4;7;9;;;3;7;11;
192;No.13;9;4;5;9;13;;;5;9;12;
193;PARANOiA-Respect-;9;5;11;12;16;;;8;12;15;
194;PASSION OF LOVE;9;4;5;7;10;;;6;8;10;
195;Polovtsian Dances And Chorus;9;3;4;9;11;;;5;9;11;
196;PUT YOUR FAITH IN ME ～SATURDAY NIGHT MIX～;9;3;5;8;9;;;5;7;12;
197;Quick Master;9;4;5;8;11;;;5;7;10;
198;Quickening;9;3;6;7;11;;;5;6;8;
199;rainbow flyer;9;3;4;6;11;;;3;7;11;
200;rainbow rainbow;9;4;4;7;10;;;4;7;11;
201;RED ZONE;9;4;6;8;12;;;6;8;11;
202;Saturday Night Love;9;3;4;6;8;;;4;6;8;
203;Scorching Moon;9;3;4;7;11;;;5;7;10;
204;SEDUCTION;9;4;6;9;12;;;6;9;13;
205;SEDUCTION(Vocal Remix);9;3;6;9;12;;;6;8;12;
206;Ska Ska No.3;9;3;3;7;12;;;4;8;10;
207;Star Gate Heaven;9;3;3;7;10;;;3;7;11;
208;STARS☆☆☆(2nd NAOKI's style);9;3;6;8;9;;;6;8;11;
209;THE SHINING POLARIS;9;4;4;6;9;;;5;6;9;
210;TIERRA BUENA;9;3;4;8;10;;;4;7;11;
211;TOMORROW;9;3;4;8;10;;;5;7;11;
212;Tomorrow Perfume;9;3;4;8;10;;;4;7;9;
213;TRUE LOVE;9;4;4;8;10;;;4;7;10;
214;Try 2 Luv. U;9;3;4;6;8;;;4;6;8;
215;un deux trois;9;3;4;8;10;;;4;6;9;
216;Under the Sky;9;2;2;5;11;;;3;6;8;
217;Xepher;9;4;7;10;13;15;;7;10;13;15
218;You gotta move it (feat. Julie Rugaard);9;4;5;8;10;;;5;7;10;
219;カゲロウ;9;3;4;7;9;;;4;6;9;
220;この子の七つのお祝いに;9;3;7;10;14;;;7;10;14;
221;チカラ;9;4;5;8;10;;;4;9;13;
222;ヒマワリ;9;3;4;7;11;;;4;7;13;
223;夢幻ノ光;9;4;4;8;11;;;4;8;11;
224;怒れる大きな白い馬;9;4;5;8;11;;;3;7;11;
225;月光蝶;9;4;4;7;10;;;3;7;11;
226;男々道;9;3;4;7;12;;;4;8;10;
227;華爛漫 -Flowers-;9;3;5;7;11;;;4;7;11;
228;虹色;9;3;4;8;11;13;;4;7;13;13
229;A thing called LOVE;10;3;4;7;10;;;5;6;11;
230;AM-3P ("CHAOS" Special);10;;;;;14;;;;;13
231;Arrabbiata;10;5;11;13;15;;;12;14;16;
232;B4U ("VOLTAGE" Special);10;;;;;14;;;;;15
233;Blind Justice ～Torn souls, Hurt Faiths ～;10;3;5;8;12;;;5;8;12;
234;Bloody Tears（IIDX EDITION）;10;4;5;6;11;;;5;7;11;
235;BRILLIANT 2U ("STREAM" Special);10;;;;;13;;;;;13
236;CaptivAte～誓い～;10;4;5;8;13;;;5;8;13;
237;D2R ("FREEZE" Special);10;;;;;12;;;;;13
238;DEAD END ("GROOVE RADAR" Special);10;;;;;18;;;;;18
239;dream of love;10;3;3;6;8;;;5;7;8;
240;DYNAMITE RAVE ("AIR" Special);10;;;;;8;;;;;9
241;Electrified;10;3;4;6;10;;;5;6;11;
242;Every Day, Every Night（NM STYLE）;10;3;4;6;9;;;4;7;10;
243;Feelings Won't Fade(Extend Trance Mix);10;4;5;8;12;;;5;9;12;
244;FIRE;10;4;5;8;11;;;4;8;12;
245;Flow (Jammin' Ragga Mix);10;4;5;8;13;;;4;7;13;
246;Fly away -mix del matador-;10;3;5;9;13;;;5;9;13;
247;Freeway Shuffle;10;3;4;8;10;12;;5;7;9;12
248;GIRIGILI門前雀羅;10;4;5;7;12;;;5;8;12;
249;L'amour et la liberte（Darwin & DJ Silver remix）;10;3;4;7;11;;;4;7;12;
250;MARS WAR 3;10;3;4;8;11;;;4;10;13;
251;MOONSTER;10;4;5;7;12;;;4;7;10;
252;Music In The Rhythm;10;4;7;8;11;;;5;8;12;
253;NGO;10;6;10;12;15;18;;10;11;16;17
254;PARANOiA ～HADES～;10;7;11;15;16;18;;12;15;17;18
255;Pluto;10;6;9;12;14;16;;9;13;14;17
256;Pluto Relinquish;10;5;12;14;17;18;;12;14;18;18
257;Poseidon;10;3;5;9;11;;;6;9;11;
258;Raspberry Heart（English version）;10;3;5;6;9;11;;5;6;9;12
259;Saturn;10;3;7;9;13;;;5;9;13;
260;Shades of Grey;10;3;5;8;11;;;5;7;10;
261;Silver Platform - I wanna get your heart -;10;4;5;7;11;;;4;8;11;
262;SOUL CRASH;10;3;6;9;13;;;6;9;12;
263;Star Gate Heaven (FUTURE LOVE Mix);10;4;5;9;12;;;6;8;13;
264;STARS☆☆☆（Re-tuned by HΛL） - DDR EDITION -;10;3;5;10;9;;;6;9;10;
265;stealth;10;3;5;8;11;;;5;8;11;
266;SUNKiSS DROP;10;3;5;8;12;12;;4;7;11;12
267;switch;10;3;4;7;10;;;5;7;10;
268;Trim;10;5;6;10;16;;;6;10;15;
269;TRIP MACHINE PhoeniX;10;3;8;11;15;15;;8;12;16;16
270;Trust -DanceDanceRevolution mix-;10;3;5;8;10;;;4;8;11;
271;Unreal;10;4;8;12;15;;;8;12;14;
272;Uranus;10;3;6;9;11;13;;6;9;11;13
273;Vem brincar;10;2;5;7;11;;;5;7;11;
274;Venus;10;3;4;6;11;13;;4;6;10;13
275;volcano;10;4;5;8;13;;;5;8;13;
276;Votum stellarum -forest #25 DDR RMX-;10;1;4;9;12;;;4;7;12;
277;Why not;10;4;6;9;11;;;6;7;11;
278;30 Lives (Up-Up-Down-Dance Mix);11;2;4;7;8;;;3;6;8;
279;A Geisha's Dream;11;2;6;9;11;;;7;9;11;
280;AFRONOVA(X-Special);11;;;;;13;;;;;14
281;Beautiful Inside (Cube::Hard Mix);11;3;5;7;10;;;4;7;11;
282;Blue Rain;11;2;5;6;11;;;5;7;11;
283;CANDY☆(X-Special);11;;;;;12;;;;;13
284;Chance and Dice;11;3;5;7;9;;;4;7;10;
285;Dance Celebration;11;2;5;8;11;12;;6;7;11;12
286;Dance Celebration (System 7 Remix);11;3;6;9;13;;;7;8;13;
287;Dance Dance Revolution(X-Special);11;;;;;13;;;;;13
288;Dance Floor;11;2;5;6;9;;;5;7;10;
289;dazzle;11;2;4;8;10;;;4;8;10;
290;Dream Machine;11;3;6;8;11;;;5;8;11;
291;Flight of the Phoenix;11;2;5;7;9;7;;4;6;9;7
292;Flourish;11;3;5;8;10;;;6;8;10;
293;Healing Vision(X-Special);11;;;;;14;;;;;15
294;Horatio;11;3;4;9;15;15;;5;8;14;14
295;Inspiration;11;3;5;7;8;;;4;6;9;
296;INTO YOUR HEART (Ruffage remix);11;3;4;8;11;;;5;8;11;
297;Lift You Up;11;3;4;6;10;;;5;6;8;
298;LOVING YOU (Epidemik remix);11;3;6;8;11;;;4;7;11;
299;Malacca;11;3;4;7;10;13;;5;7;9;13
300;MAX 300(X-Special);11;;;;;17;;;;;18
301;MAXX UNLIMITED(X-Special);11;;;;;18;;;;;18
302;on the bounce;11;3;7;11;14;16;;6;9;14;15
303;On The Break;11;3;8;10;13;;;7;11;14;
304;PARANOiA ETERNAL(X-Special);11;;;;;13;;;;;13
305;PARANOIA EVOLUTION(X-Special);11;;;;;14;;;;;15
306;PARANOiA MAX～DIRTY MIX～(X-Special);11;;;;;13;;;;;14
307;PARANOiA Rebirth(X-Special);11;;;;;14;;;;;14
308;PARANOiA(X-Special);11;;;;;13;;;;;14
309;Party Lights;11;2;4;6;11;;;5;6;10;
310;Playa (Original Mix);11;3;4;7;11;;;4;7;11;
311;puzzle;11;3;4;6;8;;;4;6;9;
312;S・A・G・A;11;4;7;10;13;;;6;10;13;
313;SABER WING;11;5;8;10;13;13;;8;12;13;13
314;SABER WING (Akira Ishihara Headshot mix);11;6;10;12;15;17;;10;12;15;17
315;Slip Out;11;1;3;7;9;;;5;6;9;
316;Slip Out (bounce in beat mix);11;2;4;6;10;;;6;7;9;
317;SP-TRIP MACHINE～JUNGLE MIX～(X-Special);11;;;;;11;;;;;12
318;SUPER SAMURAI;11;4;8;12;15;;;8;12;16;
319;Taj He Spitz;11;2;4;7;10;;;5;7;11;
320;Taj He Spitz (Tommie Sunshine's Brooklyn Fire Re-Touch);11;3;5;8;12;;;6;7;12;
321;Take A Chance;11;2;3;6;9;;;3;6;9;
322;The flower in your smile;11;3;6;7;10;;;5;7;10;
323;The legend of MAX(X-Special);11;;;;;17;;;;;17
324;Ticket to Bombay;11;3;5;7;10;;;5;7;9;
325;Till the lonely's gone;11;3;4;8;9;;;5;8;9;
326;TimeHollow;11;2;4;7;10;;;5;6;8;
327;Tracers (4Beat Remix);11;3;5;7;10;;;6;9;11;
328;Trigger;11;5;9;12;16;18;;7;11;16;18
329;TRIP MACHINE CLIMAX(X-Special);11;;;;;14;;;;;14
330;TRIP MACHINE(X-Special);11;;;;;11;;;;;12
331;Ubertreffen;11;3;6;8;13;;;5;8;14;
332;Waiting 4 u;11;4;6;8;11;11;;6;8;12;12
333;will;11;1;4;7;11;;;5;7;11;
334;凛として咲く花の如く;11;3;6;8;10;;;5;7;11;
335;零 - ZERO -;11;3;5;8;11;;;6;8;13;
336;革命(X-Special);11;;;;;14;;;;;14
337;888;12;3;6;13;14;18;;7;12;15;18
338;☆shining☆;12;2;5;8;11;;;5;8;11;
339;A Brighter Day;12;2;5;7;9;12;;5;7;10;12
340;aftershock!!;12;3;5;9;13;;;5;9;13;
341;All My Love;12;2;5;8;10;;;5;9;11;
342;Anti-Matter;12;6;11;14;17;18;;11;15;17;18
343;BALLAD THE FEATHERS;12;1;4;7;10;8;;4;7;11;8
344;CG Project;12;3;5;9;12;;;5;9;13;
345;Crazy Control;12;1;4;6;9;12;;4;7;10;12
346;Dazzlin' Darlin;12;2;6;9;11;;;6;10;12;
347;Dazzlin' Darlin-秋葉工房mix-;12;3;5;8;11;;;5;7;12;
348;Decade;12;2;5;8;11;;;5;8;12;
349;dirty digital;12;1;4;7;11;13;;4;7;11;13
350;DROP;12;1;4;7;11;;;4;7;13;
351;Dummy;12;2;4;7;10;;;4;7;11;
352;FIRE FIRE;12;3;5;8;14;;;5;8;13;
353;Freeze;12;2;5;8;12;13;;5;7;12;13
354;going up;12;3;7;10;12;11;;7;11;13;12
355;GOLD RUSH;12;2;5;8;12;;;6;7;13;
356;Gotta Dance;12;2;3;6;10;;;5;7;11;
357;Heatstroke;12;2;6;8;10;8;;6;8;10;8
358;I'm so Happy;12;3;6;8;12;16;;6;8;12;16
359;in love wit you;12;1;3;6;8;;;4;6;9;
360;KIMONO PRINCESS;12;5;8;12;15;;;8;13;16;
361;KISS KISS KISS 秋葉工房 MIX;12;2;5;8;12;;;4;8;12;
362;La libertad;12;3;5;9;12;14;;6;9;12;14
363;La receta;12;3;4;7;11;13;;5;7;11;13
364;Leaving...;12;2;5;8;11;13;;5;8;11;13
365;Love Again;12;2;4;6;8;;;3;6;8;
366;MAX LOVE;12;3;6;8;11;13;;7;8;11;13
367;Melody Life;12;2;5;7;10;11;;5;7;11;12
368;New Decade;12;4;11;14;17;18;;11;14;17;18
369;oarfish;12;1;2;8;11;;;2;8;11;
370;only my railgun;12;1;4;6;9;7;;5;8;12;8
371;Pierce The Sky;12;3;8;11;14;;;8;11;14;
372;Pluto The First;12;8;10;14;17;18;;10;15;18;18
373;Poseidon(kors k mix);12;2;5;9;14;;;4;9;13;
374;POSSESSION;12;7;10;14;17;18;;11;14;17;19
375;real-high-SPEED;12;2;4;6;8;;;4;6;9;
376;resonance;12;2;4;8;11;;;4;8;11;
377;roppongi EVOLVED ver.A;12;6;8;11;15;;;8;12;16;
378;roppongi EVOLVED ver.B;12;6;8;11;15;;;8;12;16;
379;roppongi EVOLVED ver.C;12;6;8;11;15;;;8;12;16;
380;roppongi EVOLVED ver.D;12;6;8;11;15;;;8;12;16;
381;Sacred Oath;12;2;4;7;11;12;;5;8;11;13
382;sakura storm;12;2;4;7;10;13;;4;7;11;14
383;Sakura Sunrise;12;3;7;10;14;;;8;10;15;
384;Second Heaven;12;2;5;9;11;14;;5;9;11;14
385;She is my wife;12;3;5;7;12;;;5;7;12;
386;Shine;12;2;4;6;9;12;;4;7;9;12
387;Shiny World;12;2;8;11;14;;;8;11;14;
388;Sky Is The Limit;12;2;5;9;12;;;5;9;11;
389;smooooch･∀･;12;2;4;7;12;10;;5;7;12;10
390;someday...;12;2;5;7;9;;;6;8;10;
391;Taking It To The Sky;12;1;3;5;8;;;4;6;8;
392;Theory of Eternity;12;3;6;9;12;10;;6;9;12;11
393;THIS NIGHT;12;2;5;8;11;;;6;8;11;
394;Valkyrie dimension;12;9;13;15;18;19;;13;14;18;19
395;VANESSA;12;4;7;11;16;;;7;12;16;
396;WH1TE RO5E;12;3;5;9;13;;;5;9;13;
397;What Will Come of Me;12;2;4;6;13;;;5;7;13;
398;You are a Star;12;2;4;8;12;13;;6;8;12;13
399;Your Angel;12;2;4;7;10;;;4;7;11;
400;ZETA～素数の世界と超越者～;12;3;6;11;15;;;6;9;14;
401;ΔMAX;12;3;5;13;17;17;;7;14;17;18
402;不沈艦CANDY;12;2;6;9;14;;;5;8;14;
403;冥;12;3;7;11;16;18;;7;12;15;18
404;Amalgamation;13;3;7;10;13;15;;7;10;13;15
405;BRILLIANT 2U (AKBK MIX);13;3;7;11;15;;;7;11;15;
406;Chronos;13;1;4;8;12;15;;4;8;12;15
407;COME BACK TO MY HEART;13;2;5;8;12;6;;5;8;12;6
408;Cosmic Hurricane;13;3;6;9;13;15;;6;9;13;15
409;CRAZY LOVE;13;3;6;12;15;;;7;12;15;
410;Diamond Dust;13;1;5;7;10;13;;5;8;11;13
411;dreaming can make a wish come true;13;2;4;7;11;;;4;8;11;
412;ever snow;13;2;4;8;12;;;4;8;11;
413;Fever;13;1;4;7;9;;;4;6;9;
414;Find You Again;13;3;5;9;12;;;5;8;13;
415;FLOWER;13;3;7;10;13;15;;6;9;13;15
416;Get Back Up!;13;2;7;9;12;;;7;10;12;
417;Go For The Top;13;6;8;12;15;18;;8;11;15;18
418;Haunted Rhapsody;13;2;5;7;13;;;4;7;13;
419;HEART BEAT FORMULA;13;4;7;10;13;;;7;10;13;
420;HEARTBREAK (Sound Selektaz remix);13;1;4;6;10;;;4;6;11;
421;I/O;13;2;4;7;11;;;4;7;12;
422;In The Air;13;4;6;9;11;;;6;10;11;
423;IN THE ZONE;13;1;4;7;9;;;5;8;10;
424;KEEP ON MOVIN' (Y&Co. DJ BOSS remix);13;2;6;9;14;;;6;9;14;
425;Let's Get Away;13;2;4;7;9;;;6;10;13;
426;London EVOLVED ver.A;13;5;8;11;14;17;;8;11;14;17
427;London EVOLVED ver.B;13;5;8;11;14;17;;8;11;14;17
428;London EVOLVED ver.C;13;5;8;11;14;17;;8;11;14;17
429;LOVE IS THE POWER -Re:born-;13;1;5;7;10;;;5;7;10;
430;MAGIC PARADE;13;1;4;7;10;;;4;7;10;
431;Mermaid girl;13;1;4;7;11;12;;5;7;11;12
432;message;13;1;5;7;11;;;3;7;11;
433;NEPHILIM DELTA;13;4;8;12;14;;;8;12;14;
434;New Beginning;13;3;5;9;11;12;;6;8;11;12
435;New York EVOLVED (Type A);13;4;9;13;16;;;8;13;16;
436;New York EVOLVED (Type B);13;4;9;13;16;;;8;13;16;
437;New York EVOLVED (Type C);13;4;9;13;16;;;8;13;16;
438;osaka EVOLVED -毎度、おおきに！- (TYPE1);13;9;11;13;15;;;10;12;15;
439;osaka EVOLVED -毎度、おおきに！- (TYPE2);13;9;11;13;15;;;10;12;15;
440;osaka EVOLVED -毎度、おおきに！- (TYPE3);13;9;11;13;15;;;10;12;15;
441;PARANOiA (kskst mix);13;4;9;13;17;;;9;13;17;
442;PARANOiA Revolution;13;6;9;14;18;19;;10;14;18;19
443;Private Eye;13;2;4;8;12;;;6;8;12;
444;Programmed Universe;13;2;5;9;12;;;5;9;13;
445;PUT YOUR FAITH IN ME (DA's Twinkly Disco Remix);13;1;5;8;13;;;5;9;13;
446;REBORN MAGIC;13;2;4;7;9;;;5;7;11;
447;Rescue Me;13;2;4;8;12;;;5;9;13;
448;Resurrection;13;2;5;7;10;;;5;8;10;
449;REVOLUTIONARY ADDICT;13;3;7;10;13;16;;6;9;13;16
450;Rhythms Inside;13;1;3;7;9;;;4;7;9;
451;Seasons;13;2;5;8;12;;;5;8;12;
452;Seule;13;2;6;10;12;;;6;10;12;
453;Share The Love;13;2;4;8;12;;;4;7;12;
454;SigSig;13;3;6;9;12;10;;6;9;12;10
455;SILVER☆DREAM;13;4;8;11;15;;;9;12;15;
456;snow prism;13;3;6;9;12;16;;6;9;12;16
457;Something Special;13;2;4;7;11;;;5;7;11;
458;Take A Step Forward;13;2;7;9;11;;;6;10;12;
459;The Heavens Above;13;3;7;9;11;;;6;10;12;
460;TIME;13;1;5;7;9;;;5;7;10;
461;Tohoku EVOLVED;13;6;9;14;17;18;;9;14;17;18
462;tokyoEVOLVED (TYPE1);13;6;9;13;16;;;9;13;16;
463;tokyoEVOLVED (TYPE2);13;6;9;13;16;;;9;13;16;
464;tokyoEVOLVED (TYPE3);13;6;9;13;16;;;9;13;16;
465;Tribe;13;2;5;7;10;13;;4;7;10;14
466;TRIP MACHINE (xac nanoglide mix);13;4;8;12;16;;;8;12;16;
467;TRIP MACHINE EVOLUTION;13;4;9;12;16;18;;9;12;17;18
468;TWINKLE♡HEART;13;1;4;8;11;10;;4;8;11;11
469;UNBELIEVABLE (Sparky remix);13;4;7;11;15;;;8;12;16;
470;Until the End;13;3;4;9;12;;;8;10;13;
471;Wicked Plastik;13;3;4;8;13;;;5;11;13;
472;Wings of an Angel (Fly With Me);13;2;4;8;12;;;5;8;11;
473;アルストロメリア (walk with you remix);13;3;6;8;11;13;;6;8;12;13
474;ビューティフル レシート;13;4;8;10;13;;;7;10;13;
475;天上の星～黎明記～;13;2;5;8;12;;;5;8;12;
476;恋閃繚乱;13;2;6;8;11;15;;6;8;11;15
477;紅焔;13;3;6;9;12;15;;6;9;12;15
478;繚乱ヒットチャート;13;2;5;8;13;;;5;8;13;
479;隅田川夏恋歌;13;2;5;10;12;16;;6;9;12;16
480;雫;13;2;5;9;12;;;5;9;12;
481;†渚の小悪魔ラヴリィ～レイディオ†;14;2;6;11;16;9;;6;12;16;9
482;ACROSS WORLD;14;2;4;8;12;14;;4;8;12;14
483;Ah La La La;14;1;5;7;12;;;5;7;11;
484;Air Heroes;14;3;9;11;15;17;;9;11;15;17
485;Another Phase;14;4;7;11;15;16;;7;11;15;15
486;Back In Your Arms;14;2;5;8;10;;;5;8;10;
487;Beautiful Dream;14;3;7;9;12;15;;7;9;12;15
488;Blew My Mind;14;4;9;12;16;18;;9;12;16;18
489;Bombay Bomb;14;2;6;10;12;;;6;10;12;
490;Children of the Beat;14;3;7;9;11;12;;7;9;10;13
491;Chinese Snowy Dance;14;4;7;12;16;;;7;12;16;
492;Condor;14;2;6;9;13;15;;6;9;13;15
493;Confession;14;2;4;7;12;14;;4;7;12;14
494;Desert Journey;14;3;5;8;12;15;;5;8;12;15
495;Diamond Night;14;3;5;8;12;14;;5;8;11;14
496;Elemental Creation;14;8;11;14;17;18;;11;14;17;18
497;Empathetic;14;4;7;11;14;;;7;11;14;
498;escape;14;3;5;8;10;13;;5;8;10;14
499;Everything I Need;14;1;4;6;9;;;4;6;9;
500;Find The Way;14;3;7;10;12;;;6;10;12;
501;GAIA;14;3;10;13;16;;;10;13;16;
502;heron;14;3;6;9;12;13;;6;9;12;13
503;Hoping To Be Good;14;2;5;7;12;;;5;7;11;
504;JOKER;14;2;4;8;11;14;;6;8;11;14
505;Magnetic;14;3;7;11;15;17;;7;11;15;17
506;Monkey Business;14;3;6;9;13;16;;7;10;13;16
507;New Generation;14;4;7;10;14;17;;7;10;14;17
508;New Gravity;14;3;6;9;12;14;;6;9;12;14
509;nightbird lost wing;14;3;7;10;14;;;7;10;14;
510;PRANA;14;4;8;11;14;16;;8;11;14;16
511;printemps;14;3;6;10;13;;;6;10;14;
512;Qipchãq;14;3;5;8;12;;;5;8;11;
513;Right on time (Ryu☆Remix);14;2;6;9;14;13;;6;9;14;13
514;RЁVOLUTIФN;14;3;7;11;14;17;;7;11;14;17
515;sola;14;2;5;9;12;;;5;9;12;
516;Somehow You Found Me;14;3;6;10;13;16;;6;10;13;16
517;south;14;2;5;8;10;10;;5;8;10;11
518;Spanish Snowy Dance;14;3;7;11;15;17;;7;11;16;18
519;Starry HEAVEN;14;2;5;8;11;13;;5;8;11;12
520;Straight Oath;14;3;8;11;13;15;;8;11;14;16
521;STULTI;14;4;9;12;15;;;9;12;16;
522;Sucka Luva;14;1;4;7;11;;;5;8;11;
523;Summer Fairytale;14;2;5;7;9;14;;5;7;9;14
524;Sweet Rain;14;3;6;9;12;;;6;9;12;
525;Synergy For Angels;14;3;7;10;14;;;7;10;14;
526;Tell me what to do;14;2;5;9;12;14;;5;9;11;14
527;The Island Song;14;1;3;7;9;13;;4;7;9;13
528;THE REASON;14;1;4;7;12;15;;4;7;12;15
529;The Wind of Gold;14;3;6;10;14;;;6;10;14;
530;Top The Charts;14;3;5;8;12;14;;5;8;12;14
531;Triple Journey -TAG EDITION-;14;4;8;12;16;18;;8;12;17;18
532;WILD SIDE;14;3;6;9;11;13;;6;9;11;13
533;Windy Fairy;14;2;7;11;15;;;7;11;15;
534;Wow Wow VENUS;14;2;4;8;11;;;5;8;12;
535;You;14;1;3;6;10;;;3;6;10;
536;お米の美味しい炊き方、そしてお米を食べることによるその効果。;14;4;8;12;16;;;8;12;16;
537;からふるぱすてる;14;2;6;9;12;;;6;9;13;
538;キケンな果実;14;2;6;9;13;;;6;9;13;
539;ずっとみつめていて (Ryu☆Remix);14;1;7;9;12;15;;7;10;12;15
540;ちくわパフェだよ☆CKP;14;4;7;9;12;14;;7;9;12;14
541;フー・フローツ;14;3;6;9;12;;;6;9;13;
542;めうめうぺったんたん！！;14;3;6;9;12;16;;6;9;12;15
543;ラキラキ;14;2;7;10;13;;;7;11;13;
544;凛として咲く花の如く～ひなビタ♪edition～;14;3;5;8;11;;;6;8;11;
545;創世ノート;14;2;8;10;13;;;8;10;14;
546;晴天Bon Voyage;14;4;7;9;12;;;7;9;11;
547;虹色の花;14;3;5;8;11;;;5;8;11;
548;8000000;15;4;7;10;14;;;7;11;14;
549;Adularia;15;3;6;10;14;;;6;9;13;
550;ÆTHER;15;6;9;14;17;;;10;14;17;
551;AWAKE;15;3;5;10;13;16;;6;10;13;16
552;chaos eater;15;6;8;12;16;;;8;12;16;
553;Cleopatrysm;15;4;7;11;15;;;7;11;15;
554;Daily Lunch Special;15;3;7;10;14;;;7;10;14;
555;Dance Partay;15;2;5;7;11;13;;5;8;11;12
556;Destination;15;4;9;12;15;;;9;12;15;
557;Din Don Dan;15;2;5;7;10;12;;5;7;10;12
558;Dispersion Star;15;3;5;9;13;;;5;9;14;
559;Do The Evolution;15;1;4;7;10;;;5;9;13;
560;Dreamin’;15;2;4;6;9;12;;5;6;9;12
561;EGOISM 440;15;9;10;13;18;19;;10;14;17;19
562;Electronic or Treat!;15;3;7;12;15;;;7;12;15;
563;Elysium;15;1;5;8;11;13;;5;8;11;13
564;Engraved Mark;15;3;8;12;15;;;8;13;15;
565;esrev:eR;15;2;5;9;13;;;5;9;12;
566;Follow Tomorrow;15;2;5;8;11;;;5;8;12;
567;FUJIMORI -祭-FESTIVAL;15;3;5;9;12;;;5;8;12;
568;FUNKY SUMMER BEACH;15;3;6;10;14;;;6;10;14;
569;Go↓Go↑Girls&Boys!;15;3;5;8;11;;;5;8;11;
570;Habibe(Antuh muhleke);15;3;5;10;13;;;6;11;13;
571;HAPPY☆LUCKY☆YEAPPY;15;6;10;13;16;;;9;13;16;
572;HEART BEAT FORMULA (Vinyl Mix);15;4;8;11;13;;;8;11;14;
573;HYENA;15;3;6;10;14;;;6;10;14;
574;Idola;15;3;8;12;16;17;;8;12;16;17
575;IMANOGUILTS;15;4;8;11;14;15;;8;11;14;15
576;In The Breeze;15;3;5;9;11;;;5;9;12;
577;IX;15;5;11;14;17;18;;10;14;17;18
578;JOMANDA;15;4;8;12;15;17;;8;12;15;17
579;KHAMEN BREAK;15;3;7;11;16;;;7;11;15;
580;LoveLove DokiDoki;15;2;6;10;12;;;6;10;12;
581;M.A.Y.U.;15;2;6;8;13;;;6;8;13;
582;MAX.(period);15;5;12;14;16;18;;11;13;16;18
583;MITOれて！いばらきっしゅだ～りん;15;2;6;9;13;;;6;10;13;
584;neko＊neko;15;2;5;9;11;14;;3;9;12;13
585;Nostalgia Is Lost;15;3;7;11;15;;;7;11;15;
586;One Sided Love;15;2;5;8;10;12;;5;9;11;13
587;Over The “Period”;15;8;12;15;18;19;;12;15;18;19
588;Party Lights (Tommie Sunshine's Brooklyn Fire Remix);15;2;5;8;11;;;5;8;11;
589;Plan 8;15;4;8;11;14;;;8;11;14;
590;POSSESSION(EDP Live Mix);15;3;9;12;16;;;9;12;16;
591;PRANA＋REVOLUTIONARY ADDICT (U1 DJ Mix);15;5;9;13;17;;;9;12;16;
592;PUNISHER;15;3;6;11;14;;;6;11;14;
593;Remain;15;5;9;12;15;;;9;12;16;
594;Romancing Layer;15;2;6;11;14;;;6;11;14;
595;SABER WING (satellite silhouette remix);15;2;4;9;12;15;;6;8;12;14
596;Sakura Mirage;15;4;7;11;14;;;7;11;14;
597;Samurai Shogun vs. Master Ninja;15;3;7;12;14;;;7;12;15;
598;Sand Blow;15;3;7;12;15;;;7;12;16;
599;Scarlet Moon;15;2;5;9;12;;;5;9;12;
600;second spring storm;15;2;6;9;14;;;6;10;14;
601;SPECIAL SUMMER CAMPAIGN!;15;2;7;11;15;;;7;12;15;
602;Squeeze;15;4;6;9;15;;;6;10;15;
603;Starlight Fantasia;15;3;7;11;14;;;7;11;14;
604;Starlight Fantasia (Endorphins Mix);15;3;8;12;15;;;8;12;15;
605;starmine;15;3;7;11;15;;;7;11;14;
606;Stella Sinistra;15;4;8;12;15;;;7;12;14;
607;Struggle;15;4;6;10;13;;;5;10;12;
608;Summer fantasy (Darwin remix);15;2;7;10;13;11;;7;10;13;13
609;SUPER HERO;15;4;6;9;12;;;7;10;13;
610;Thank You Merry Christmas;15;3;5;9;12;;;5;9;13;
611;The Lonely Streets;15;2;4;7;10;12;;5;7;10;12
612;Truare!;15;3;8;11;16;;;8;11;16;
613;True Blue;15;3;7;11;16;;;6;11;16;
614;TSUBASA;15;2;6;10;13;;;6;9;13;
615;VEGA;15;3;7;11;14;;;7;11;14;
616;エンドルフィン;15;4;8;12;15;;;8;12;15;
617;クリムゾンゲイト;15;3;7;10;13;;;6;9;12;
618;セツナトリップ;15;1;4;10;14;;;4;10;14;
619;ちゅ～いん☆バニー;15;3;6;8;10;13;;5;8;11;13
620;チョコレートスマイル;15;3;6;9;12;;;6;9;12;
621;デッドボヲルdeホームラン;15;3;6;9;13;;;5;8;13;
622;ドーパミン;15;7;10;13;17;;;10;13;17;
623;ドキドキ☆流星トラップガール!!;15;3;6;9;14;;;6;10;14;
624;パ→ピ→プ→Yeah!;15;3;5;10;13;;;6;8;13;
625;はなまるぴっぴはよいこだけ;15;4;7;10;12;;;6;10;12;
626;バンブーソード・ガール;15;2;7;11;15;;;7;12;15;
627;ビビットストリーム;15;4;6;10;13;;;6;10;13;
628;ホメ猫☆センセーション;15;4;6;10;13;;;6;10;13;
629;マインド・ゲーム;15;3;7;10;14;;;7;10;15;
630;ミライプリズム;15;2;4;7;10;;;4;7;11;
631;ヤマトなでなで♡かぐや姫;15;2;6;8;11;14;;5;8;11;14
632;ラクガキスト;15;4;7;10;13;16;;7;10;13;16
633;乙女繚乱 舞い咲き誇れ;15;4;7;10;13;;;7;10;13;
634;嘆きの樹;15;4;8;12;16;18;;8;12;16;18
635;回レ！雪月花;15;2;5;8;11;13;;3;7;12;13
636;地方創生☆チクワクティクス;15;2;6;10;13;;;7;10;13;
637;夏色DIARY -DDR mix-;15;3;7;10;14;;;6;11;15;
638;天空の華;15;4;7;12;15;;;7;12;15;
639;女言葉の消失;15;3;6;9;13;;;6;9;12;
640;妖隠し -あやかしかくし-;15;4;7;11;14;;;7;12;15;
641;幻想系世界修復少女;15;3;6;9;12;;;7;9;13;
642;御千手メディテーション;15;4;8;12;15;;;8;12;15;
643;恋はどう？モロ◎波動OK☆方程式！！;15;4;7;11;14;;;6;11;14;
644;星屑のキロク;15;3;6;9;11;;;6;10;12;
645;朝色の紙飛行機;15;2;5;9;13;;;5;10;13;
646;海神;15;3;8;12;16;;;7;12;16;
647;滅亡天使 † にこきゅっぴん;15;4;6;9;12;;;6;9;12;
648;漆黒のスペシャルプリンセスサンデー;15;4;8;11;13;;;7;11;13;
649;激アツ☆マジヤバ☆チアガール;15;3;6;9;13;;;5;10;12;
650;灼熱Beach Side Bunny;15;3;7;11;15;;;7;12;15;
651;爆なな☆てすとロイヤー;15;4;7;11;13;;;7;10;12;
652;突撃！ガラスのニーソ姫！;15;4;7;11;14;;;8;11;14;
653;轟け！恋のビーンボール！！;15;3;7;11;16;;;6;11;16;
654;野球の遊び方　そしてその歴史　～決定版～;15;3;6;9;14;;;6;10;14;
655;阿波おどり -Awaodori- やっぱり踊りはやめられない;15;5;9;12;14;;;9;13;15;
656;39;16;4;6;8;12;;;6;9;13;
657;*ハロー、プラネット。;16;3;7;9;13;;;7;9;13;
658;#OurMemories;16;3;6;9;12;;;6;9;12;
659;ACE FOR ACES;16;4;7;13;15;18;;7;13;15;18
660;ALGORITHM;16;5;7;11;13;;;7;10;13;
661;ALL MY HEART -この恋に、わたしの全てを賭ける-;16;3;5;9;13;;;5;9;13;
662;Angelic Jelly;16;4;6;11;13;;;6;10;13;
663;ANNIVERSARY ∴∵∴ ←↓↑→;16;4;7;12;16;;;7;12;16;
664;Astrogazer;16;3;7;12;15;18;;7;12;15;18
665;Bad Apple!! feat. nomico;16;3;5;8;12;;;5;9;11;
666;bass 2 bass;16;2;5;9;12;;;5;10;12;
667;Be a Hero!;16;7;9;13;17;;;10;14;17;
668;Believe;16;2;4;9;11;;;5;9;11;
669;Boss Rush;16;4;10;14;16;;;10;14;16;
670;Break Free;16;3;6;9;11;;;6;9;11;
671;Catch Our Fire!;16;5;10;13;17;;;9;14;18;
672;CHAOS Terror-Tech Mix;16;5;8;12;16;;;8;12;15;
673;CHOCOLATE PHILOSOPHY;16;2;4;8;9;12;;4;8;10;12
674;Chronos (walk with you remix);16;3;6;10;14;;;6;10;14;
675;Come to Life;16;4;8;12;16;18;;8;13;16;18
676;Cosy Catastrophe;16;6;9;13;16;18;;10;13;16;18
677;Cytokinesis;16;4;8;10;14;;;8;10;14;
678;DANCE ALL NIGHT (DDR EDITION);16;1;5;8;10;;;5;8;10;
679;Dancer in the flare;16;3;6;10;13;;;6;11;13;
680;DDR MEGAMIX;16;6;8;13;15;16;;8;13;16;17
681;Determination;16;2;5;8;14;;;6;9;14;
682;DREAMING-ING!!;16;3;6;10;12;;;6;10;12;
683;Electric Dance System Music;16;2;5;10;14;;;6;10;14;
684;Emera;16;3;6;11;15;17;;7;11;15;18
685;ENDYMION;16;9;13;15;18;19;;13;15;18;19
686;Eternal Summer;16;2;6;9;13;;;6;9;13;
687;Far east nightbird;16;4;6;10;12;;;6;10;13;
688;Far east nightbird kors k Remix -DDR edit ver-;16;3;7;11;13;;;7;11;13;
689;First Time;16;4;7;11;15;18;;7;11;15;18
690;Fly far bounce;16;3;6;10;13;;;6;10;13;
691;Grand Chariot;16;3;7;11;13;;;7;11;13;
692;Grip & Break down !!;16;3;5;9;12;;;5;10;13;
693;Ha･lle･lu･jah;16;1;5;9;12;;;4;9;12;
694;HANDS UP IN THE AIR;16;1;5;9;13;;;5;9;13;
695;Happy;16;3;5;9;12;;;6;8;13;
696;Help me, ERINNNNNN!!;16;4;5;9;12;;;6;9;12;
697;High School Love;16;3;6;10;13;;;6;10;13;
698;Hillbilly Shoes;16;3;5;8;13;;;5;8;13;
699;Hopeful;16;2;5;10;13;;;5;10;13;
700;I Want You To Know;16;1;3;8;11;;;3;8;11;
701;Illegal Function Call;16;4;10;13;16;;;10;14;16;
702;IN BETWEEN;16;4;7;12;15;;;7;12;15;
703;invisible rain;16;2;4;7;11;;;4;7;11;
704;Ishtar;16;3;5;11;14;16;;5;11;14;16
705;Jewelry days;16;3;6;9;12;;;6;9;12;
706;Lesson by DJ;16;1;;;;;;;;;
707;Life is beautiful;16;5;8;12;16;;;8;12;16;
708;Love You More;16;3;9;12;16;;;9;12;16;
709;Love♡Shine わんだふるmix;16;3;5;8;11;14;;5;8;11;14
710;MAKE A JAM!;16;2;5;7;9;;;6;8;11;
711;MAX 360;16;9;12;15;18;;;12;15;18;
712;More One Night;16;3;5;8;10;12;;5;8;11;12
713;Neutrino;16;6;9;12;16;18;;9;13;16;18
714;New Century;16;4;9;14;17;18;;8;14;17;18
715;out of focus;16;3;6;12;15;16;;6;12;15;16
716;Poochie;16;5;8;12;16;;;8;12;15;
717;POSSESSION (20th Anniversary Mix);16;8;11;14;16;;;11;15;17;
718;Prey;16;5;11;15;18;;;11;15;18;
719;Puberty Dysthymia;16;4;8;13;17;;;8;13;17;
720;Pursuer;16;3;7;14;17;;;7;14;17;
721;Reach The Sky, Without you;16;7;10;14;17;;;10;14;17;
722;Rejoin;16;2;6;10;13;;;7;11;13;
723;RISING FIRE HAWK;16;3;6;11;15;17;;6;11;15;17
724;S!ck;16;5;8;12;16;;;8;12;16;
725;Sakura Reflection;16;4;8;10;15;;;7;10;14;
726;Sephirot;16;3;6;10;12;;;5;9;13;
727;SHION;16;4;7;10;13;;;6;10;13;
728;Show me your moves;16;3;5;8;11;;;5;8;12;
729;Shut Up and Dance;16;2;5;8;11;;;5;9;11;
730;siberite;16;2;5;10;13;;;5;10;14;
731;Smiling Passion;16;2;7;10;12;;;7;10;12;
732;Special One;16;2;5;8;11;;;5;8;11;
733;Star Trail;16;2;5;9;13;;;6;9;13;
734;Start a New Day;16;3;6;11;15;16;;7;11;15;16
735;STERLING SILVER;16;4;6;10;13;;;6;10;13;
736;STERLING SILVER (U1 overground mix);16;4;7;11;14;;;7;11;14;
737;Strawberry Chu♡Chu♡;16;2;7;11;13;;;7;11;13;
738;StrayedCatz;16;4;7;11;13;;;7;12;13;
739;SUN² SUMMER STEP!;16;1;3;8;11;;;3;8;11;
740;SUPER SUMMER SALE;16;2;8;12;15;;;8;12;15;
741;TECH-NOID;16;2;5;9;12;;;6;9;13;
742;The Night Away (MK Remix);16;3;5;9;12;;;5;10;12;
743;Time Of Our Lives;16;2;5;9;11;;;5;9;11;
744;Towards the TOWER;16;2;5;9;12;;;5;9;12;
745;Triple Counter;16;7;11;14;17;;;9;14;17;
746;Twin memories W;16;2;6;9;11;;;6;9;11;
747;Vanquish The Ghost;16;3;8;12;16;;;8;12;15;
748;Wake Me Up;16;3;5;9;12;;;5;9;13;
749;Yeah! Yeah!;16;2;6;9;12;;;6;9;12;
750;ZEPHYRANTHES;16;3;7;12;15;;;7;11;15;
751;ありふれたせかいせいふく;16;3;7;10;14;;;7;10;14;
752;いーあるふぁんくらぶ;16;1;4;8;12;;;5;9;12;
753;イーディーエム・ジャンパーズ;16;3;5;8;12;;;4;8;11;
754;エイリアンエイリアン;16;2;5;9;12;;;5;9;12;
755;エキサイティング！！も・ちゃ・ちゃ☆;16;4;8;11;13;;;8;11;13;
756;おねがいダーリン;16;1;3;8;11;;;3;8;11;
757;きゅん×きゅんばっきゅん☆LOVE;16;3;5;8;11;;;5;10;11;
758;この青空の下で;16;3;6;9;11;;;6;9;11;
759;さよならトリップ ～夏陽 EDM edition～;16;3;4;9;12;;;4;9;11;
760;しゃかりきリレーション;16;3;6;9;11;;;6;9;12;
761;シュレーディンガーの猫;16;6;9;12;15;18;;9;12;15;18
762;すろぉもぉしょん;16;3;5;9;12;;;5;9;12;
763;チルノのパーフェクトさんすう教室;16;3;6;10;13;15;;6;10;13;15
764;チルノのパーフェクトさんすう教室 (EDM REMIX);16;1;4;10;13;;;5;11;13;
765;ナイト・オブ・ナイツ;16;1;7;11;15;16;;7;11;15;17
766;ハッピーシンセサイザ;16;2;5;9;13;;;5;9;13;
767;ハピ恋☆らぶりぃタイム!!;16;2;5;8;11;;;5;8;11;
768;ハルイチバン;16;4;6;7;11;;;5;7;11;
769;プレインエイジア -PHQ remix-;16;4;9;8;12;;;6;10;13;
770;ベィスドロップ・フリークス;16;3;7;10;13;;;7;10;13;
771;ようこそジャパリパークへ;16;3;6;10;14;12;;6;10;14;13
772;ルミナスデイズ;16;2;5;8;12;;;5;8;11;
773;ロールプレイングゲーム;16;2;5;10;14;;;5;10;14;
774;ロストワンの号哭;16;3;6;10;12;15;;6;10;13;15
775;ロンロンへ ライライライ!;16;3;6;10;12;;;6;10;12;
776;倉野川音頭;16;2;5;7;11;;;5;8;11;
777;六兆年と一夜物語;16;4;5;9;12;16;;6;9;12;16
778;初音ミクの消失;16;3;8;10;13;15;;10;13;14;15
779;十二星座の聖域;16;3;6;10;13;;;6;10;13;
780;千年ノ理;16;3;6;9;12;;;6;9;12;
781;向日葵サンセット;16;3;5;10;13;;;5;11;13;
782;君氏危うくも近うよれ;16;3;6;10;12;;;6;10;13;
783;天ノ弱;16;3;6;10;13;;;7;10;13;
784;妄想税;16;4;6;8;12;;;6;9;12;
785;宇宙(ソラ)への片道切符;16;3;7;10;13;;;7;9;12;
786;幸せになれる隠しコマンドがあるらしい;16;2;6;10;13;;;7;11;13;
787;恋する☆宇宙戦争っ!!;16;4;7;12;14;17;;8;13;15;17
788;恋のパズルマジック;16;3;6;9;11;;;6;9;11;
789;恋愛観測;16;3;7;10;12;;;7;10;12;
790;恋時雨;16;3;7;9;12;;;7;9;13;
791;愛言葉;16;3;5;7;11;;;5;8;11;
792;打打打打打打打打打打;16;2;5;11;13;16;;5;11;13;15
793;放課後ストライド;16;3;5;10;15;;;5;11;15;
794;星座が恋した瞬間を。;16;2;7;9;12;;;7;9;12;
795;春風ブローインウィンド;16;2;6;10;15;;;7;10;14;
796;朧;16;3;6;8;11;13;;6;10;12;14
797;朧 (dj TAKA Remix);16;3;5;8;12;;;7;9;13;
798;炉心融解;16;2;6;10;12;;;6;10;12;
799;無頼ック自己ライザー;16;1;4;8;13;;;5;9;13;
800;脳漿炸裂ガール;16;3;6;10;12;14;;6;10;12;14
801;色は匂へど散りぬるを;16;3;5;8;11;;;6;8;11;
802;輪廻転生;16;3;7;11;13;16;;7;11;13;16
803;闘え！ダダンダーンV;16;3;6;9;13;;;6;10;13;
804;風鈴花火;16;2;5;8;10;;;5;8;10;
805;魔法のたまご ～心菜 ELECTRO POP edition～;16;3;4;8;11;;;6;8;11;
806;魔理沙は大変なものを盗んでいきました;16;3;6;9;12;;;6;10;12;
807;黒髪乱れし修羅となりて～凛 edition～;16;3;6;10;14;;;6;10;14;
808;50th Memorial Songs -Beginning Story-;17*;2;5;10;14;;;5;10;14;
809;50th Memorial Songs -Flagship medley-;17*;3;7;9;12;;;8;10;13;
810;50th Memorial Songs -The BEMANI History-;17*;2;5;9;13;;;5;9;13;
811;50th Memorial Songs -二人の時 ～under the cherry blossoms～-;17*;3;7;9;12;;;7;9;12;
812;Ace out;17;3;5;9;14;;;5;9;13;
813;Alone;17;2;5;9;12;;;5;9;12;
814;Avenger;17;4;10;14;17;;;10;14;17;
815;BLSTR;17;3;9;12;16;;;9;12;16;
816;BUTTERFLY (20th Anniversary Mix);17;3;6;9;12;;;6;10;12;
817;CARTOON HEROES (20th Anniversary Mix);17;4;9;14;16;;;10;12;16;
818;Clarity;17;2;4;7;9;;;4;7;9;
819;Crazy Shuffle;17;2;5;10;13;;;5;10;13;
820;CROSS;17;1;5;10;13;;;5;9;14;
821;Dead Heat;17;4;6;10;14;;;6;10;14;
822;District of the Shadows;17;3;6;12;16;;;6;12;16;
823;DOWNER & UPPER;17;3;6;9;13;;;6;10;13;
824;Drop The Bounce;17;3;7;10;14;;;8;11;15;
825;F4SH10N;17;2;6;10;14;;;6;11;14;
826;Get On Da Floor;17;2;5;8;11;;;4;8;11;
827;Give Me;17;3;7;12;15;;;7;12;16;
828;HAVE YOU NEVER BEEN MELLOW (20th Anniversary Mix);17;2;4;6;10;;;4;6;10;
829;Helios;17;4;8;12;15;;;8;12;15;
830;I'm an Albatraoz;17;1;4;7;11;;;4;7;11;
831;LEVEL UP;17;4;7;10;13;;;7;10;13;
832;LONG TRAIN RUNNIN' (20th Anniversary Mix);17;3;6;9;12;;;6;9;13;
833;Neverland;17;4;8;12;15;;;8;12;14;
834;New Era;17;8;11;15;17;;;11;15;17;
835;New Rules;17;2;5;7;10;;;5;7;10;
836;No Tears Left to Cry;17;2;5;7;10;;;5;7;10;
837;ORCA;17;6;9;14;17;;;9;14;18;
838;Our Soul;17;3;6;8;11;;;6;9;11;
839;Party Rock Anthem;17;2;5;8;11;;;5;8;11;
840;Play Hard;17;2;5;9;12;;;5;9;11;
841;Procyon;17;2;6;11;15;;;6;11;15;
842;Right Time Right Way;17;4;7;11;14;;;8;11;15;
843;Seta Para Cima⇑⇑;17;3;5;10;13;;;5;10;13;
844;SKY HIGH (20th Anniversary Mix);17;2;5;9;12;;;6;9;12;
845;Skywalking;17;4;7;10;14;;;7;11;14;
846;Small Steps;17;1;4;7;10;;;4;7;10;
847;SODA GALAXY;17;3;6;9;12;;;6;8;12;
848;Something Just Like This (Alesso Remix);17;2;4;8;10;;;4;8;10;
849;Splash Gold;17;6;10;13;16;;;10;13;16;
850;Starry Sky;17;2;6;9;12;;;6;9;12;
851;The Light;17*;2;5;9;13;;;5;9;13;
852;This Beat Is.....;17;1;4;7;11;;;4;7;10;
853;Toy Box Factory;17;3;7;11;14;;;7;11;14;
854;Waiting;17;3;6;10;13;;;7;10;13;
855;スイーツはとまらない♪;17*;2;4;9;13;;;4;9;13;
856;すきなことだけでいいです;17;3;5;9;13;;;5;10;13;
857;タイガーランペイジ;17*;2;5;9;13;;;5;10;13;
858;ヒカリユリイカ;17*;2;5;8;11;;;5;8;11;
859;ベビーステップ;17*;4;7;9;12;;;7;9;12;
860;ライアーダンス;17*;4;6;9;13;;;7;9;13;
861;妄想感傷代償連盟;17;2;4;8;12;;;4;9;12;
862;未来（ダ）FUTURE;17;2;7;10;15;;;7;10;15;
863;毒占欲;17;2;5;8;11;;;5;8;11;
864;熱情のサパデアード;17*;2;5;9;13;;;5;10;13;
865;腐れ外道とチョコレゐト;17*;3;8;12;15;;;8;12;16;
866;革命パッショネイト;17*;3;6;10;13;;;5;9;13;
